RMSE,MAE,R2
2748942.1642739368,1094098.1774334395,0.9737296704044959
