{
    "RMSE": 7513026.339034393,
    "MAE": 2484353.435295395,
    "R2": 0.8037705715166958
}