RMSE,MAE,R2
7513026.339034393,2484353.435295395,0.8037705715166958
