{
    "RMSE": 2748942.1642739368,
    "MAE": 1094098.1774334395,
    "R2": 0.9737296704044959
}